INTERSECTION_ID,TOLLGATE_ID,SUM_LENGTH,SI00,SI01,SI02,SI03,SI04,SI05,SI06,SI07,SI08,FIX,RATIO,ROUTE_HOUR_head,ROUTE_PCT_head,ROUTE_MIN_TTIME,ROUTE_MAX_TTIME,ROUTE_LAST_TTIME,ROUTE_MEAN_TTIME
A,2,384,1.0663177160803043,1.0320358648852992,0.9867175672164054,0.979655827958513,0.9746805116631798,0.9732360649967928,1.0274028149863075,1.0058163620275231,0.9541372701856751,62.307596461912695,1.0332176936494502,8,0.057395973562363256,0.10989010989010989,23.0,22.89010989010989,12.128412391311134
A,3,852,1.0877593175467715,1.0343430602504002,1.0055119054879877,0.9732037721245055,1.0048819418848,0.9651042400835211,0.9860730285896251,0.9778385043479577,0.9652842296844318,111.11753067287255,1.051642689306041,9,0.06681380681709448,0.17582417582417584,22.934065934065934,22.75824175824176,12.511789475590279
B,1,821,1.02900866904287,1.0533666682268772,0.9513720216376175,0.9813500303402264,0.9679332991726253,0.953845731446644,1.0197554233074846,1.031411208509338,1.0119569483163164,119.2540850683284,0.9768760490352245,14,0.0680798805423783,1.967032967032967,22.01098901098901,20.043956043956044,12.68141847482338
B,3,477,1.0284911604529021,1.0045725806193502,0.9900553552098665,0.9689588485754881,1.005461356765235,0.9930162684217091,0.9937102324557348,1.024938613986887,0.9907955835128273,108.07476515019579,1.0238097080240887,9,0.06064099272867313,0.42857142857142855,22.75824175824176,22.329670329670332,12.755571867052003
C,1,1550,1.0131510000299218,1.0886538951701838,0.9408621412737918,0.9618037004106204,0.9985083353107684,0.9391834021582037,1.0033738334254392,1.0360665663713848,1.0183971258496856,175.72712594871786,0.9306456391005159,13,0.06429293103003163,1.8021978021978022,22.054945054945055,20.252747252747252,13.084869212399814
C,3,1206,1.0144164583686708,1.0515945070797112,0.9522991847529954,0.9770637280995886,0.9838781326446243,0.9504709298750591,0.9881994623561103,1.0662881063091818,1.0157894905140596,180.49999700943178,0.9646460223396522,16,0.07902137568078012,3.21978021978022,21.978021978021978,18.75824175824176,13.524524459354762
